{"cameraMode":{"drawMode":0,"name":"Shaded","section":"Shading Mode"},"sceneLighting":true,"audioPlay":false,"sceneViewState":{"showFog":true,"showMaterialUpdate":false,"showSkybox":true,"showFlares":true,"showImageEffects":true,"showParticleSystems":true},"in2DMode":false,"pivot":{"x":1.9411791563034058,"y":8.082906723022461,"z":-5.593898773193359},"rotation":{"x":0.267520934343338,"y":0.1281587928533554,"z":-0.03592958673834801,"w":0.9543241262435913},"size":10.90000057220459,"orthographic":false}