{"cameraMode":{"drawMode":0,"name":"Shaded","section":"Shading Mode"},"sceneLighting":true,"audioPlay":false,"sceneViewState":{"showFog":true,"showMaterialUpdate":false,"showSkybox":true,"showFlares":true,"showImageEffects":true,"showParticleSystems":true},"in2DMode":false,"pivot":{"x":-1.7324808835983277,"y":5.825751304626465,"z":1.708685040473938},"rotation":{"x":-0.29803773760795596,"y":0.42697009444236758,"z":-0.15136989951133729,"w":-0.8402881026268005},"size":9.74166202545166,"orthographic":false}