{"cameraMode":{"drawMode":0,"name":"Shaded","section":"Shading Mode"},"sceneLighting":false,"audioPlay":false,"sceneViewState":{"showFog":true,"showMaterialUpdate":false,"showSkybox":false,"showFlares":true,"showImageEffects":true,"showParticleSystems":true},"in2DMode":false,"pivot":{"x":-0.013722610659897328,"y":0.9958851933479309,"z":0.8946003913879395},"rotation":{"x":-0.03222648426890373,"y":0.9178324937820435,"z":-0.076179139316082,"w":-0.3882695734500885},"size":4.941658973693848,"orthographic":false}