{"cameraMode":{"drawMode":0,"name":"Shaded","section":"Shading Mode"},"sceneLighting":false,"audioPlay":false,"sceneViewState":{"showFog":true,"showMaterialUpdate":false,"showSkybox":false,"showFlares":true,"showImageEffects":true,"showParticleSystems":true},"in2DMode":false,"pivot":{"x":-2.4700000286102297,"y":0.6499999761581421,"z":-20.81999969482422},"rotation":{"x":-0.16954439878463746,"y":0.7232599258422852,"z":-0.1910877674818039,"w":-0.6416698098182678},"size":4.041658401489258,"orthographic":false}