{"cameraMode":{"drawMode":0,"name":"Shaded","section":"Shading Mode"},"sceneLighting":false,"audioPlay":false,"sceneViewState":{"showFog":true,"showMaterialUpdate":false,"showSkybox":false,"showFlares":true,"showImageEffects":true,"showParticleSystems":true},"in2DMode":false,"pivot":{"x":0.040720369666814807,"y":1.179756760597229,"z":7.844665050506592},"rotation":{"x":-0.11920388787984848,"y":0.6514888405799866,"z":-0.10467375814914704,"w":-0.7419084310531616},"size":4.041658401489258,"orthographic":false}