{"cameraMode":{"drawMode":0,"name":"Shaded","section":"Shading Mode"},"sceneLighting":true,"audioPlay":false,"sceneViewState":{"showFog":true,"showMaterialUpdate":false,"showSkybox":true,"showFlares":true,"showImageEffects":true,"showParticleSystems":true},"in2DMode":false,"pivot":{"x":0.22792501747608186,"y":-1.3091182708740235,"z":-7.737546443939209},"rotation":{"x":-0.38664695620536806,"y":0.32996276021003725,"z":-0.15045158565044404,"w":-0.8479605317115784},"size":21.39217185974121,"orthographic":false}