{"cameraMode":{"drawMode":0,"name":"Shaded","section":"Shading Mode"},"sceneLighting":true,"audioPlay":false,"sceneViewState":{"showFog":true,"showMaterialUpdate":false,"showSkybox":true,"showFlares":true,"showImageEffects":true,"showParticleSystems":true},"in2DMode":false,"pivot":{"x":15.879548072814942,"y":1.2589198350906373,"z":-0.36536991596221926},"rotation":{"x":-0.07648955285549164,"y":0.9035696983337402,"z":-0.1815715730190277,"w":-0.3806285858154297},"size":2.891964912414551,"orthographic":false}