{"cameraMode":{"drawMode":0,"name":"Shaded","section":"Shading Mode"},"sceneLighting":true,"audioPlay":false,"sceneViewState":{"showFog":true,"showMaterialUpdate":false,"showSkybox":true,"showFlares":true,"showImageEffects":true,"showParticleSystems":true},"in2DMode":false,"pivot":{"x":4.480672836303711,"y":1.6237850189208985,"z":0.9814324378967285},"rotation":{"x":-0.33572351932525637,"y":0.4004659056663513,"z":-0.16055701673030854,"w":-0.8373568654060364},"size":18.66444969177246,"orthographic":false}