{"cameraMode":{"drawMode":0,"name":"Shaded","section":"Shading Mode"},"sceneLighting":false,"audioPlay":false,"sceneViewState":{"showFog":true,"showMaterialUpdate":false,"showSkybox":false,"showFlares":true,"showImageEffects":true,"showParticleSystems":true},"in2DMode":false,"pivot":{"x":-0.16458973288536073,"y":0.9135172367095947,"z":7.853865146636963},"rotation":{"x":-0.15528984367847444,"y":0.5454365015029907,"z":-0.10365938395261765,"w":-0.8171038031578064},"size":4.041658401489258,"orthographic":false}