{"cameraMode":{"drawMode":0,"name":"Shaded","section":"Shading Mode"},"sceneLighting":false,"audioPlay":false,"sceneViewState":{"showFog":true,"showMaterialUpdate":false,"showSkybox":false,"showFlares":true,"showImageEffects":true,"showParticleSystems":true},"in2DMode":false,"pivot":{"x":-0.0948856770992279,"y":-0.01363163348287344,"z":-0.0011063164565712214},"rotation":{"x":0.07630913704633713,"y":-0.8479434847831726,"z":0.12711821496486665,"w":0.508981466293335},"size":4.041658401489258,"orthographic":false}