{"cameraMode":{"drawMode":0,"name":"Shaded","section":"Shading Mode"},"sceneLighting":false,"audioPlay":false,"sceneViewState":{"showFog":true,"showMaterialUpdate":false,"showSkybox":false,"showFlares":true,"showImageEffects":true,"showParticleSystems":true},"in2DMode":false,"pivot":{"x":5.766439914703369,"y":-0.5213435888290405,"z":5.927289009094238},"rotation":{"x":-0.3381407558917999,"y":0.042891111224889758,"z":-0.015425673685967923,"w":-0.9400065541267395},"size":21.381690979003908,"orthographic":false}