{"cameraMode":{"drawMode":0,"name":"Shaded","section":"Shading Mode"},"sceneLighting":true,"audioPlay":false,"sceneViewState":{"showFog":true,"showMaterialUpdate":false,"showSkybox":true,"showFlares":true,"showImageEffects":true,"showParticleSystems":true},"in2DMode":false,"pivot":{"x":-193.97531127929688,"y":-181.46751403808595,"z":42.91878890991211},"rotation":{"x":-0.30182787775993349,"y":0.563052237033844,"z":-0.23165512084960938,"w":-0.7336390614509583},"size":305.9595642089844,"orthographic":false}